<?xml version="1.0" encoding="UTF-8"?>
<root>
  <item name="com.tcn.uicommon.Rotatable int getCurrentVisibleView()">
    <annotation name="android.support.annotation.IntDef">
      <val name="value" val="{com.tcn.uicommon.Rotatable.FRONT_VIEW, com.tcn.uicommon.Rotatable.BACK_VIEW}" />
    </annotation>
  </item>
  <item name="com.tcn.uicommon.Rotatable void setDirection(int) 0">
    <annotation name="android.support.annotation.IntDef">
      <val name="value" val="{com.tcn.uicommon.Rotatable.ROTATE_X, com.tcn.uicommon.Rotatable.ROTATE_Y, com.tcn.uicommon.Rotatable.ROTATE_BOTH}" />
    </annotation>
  </item>
  <item name="com.tcn.uicommon.Rotatable.Builder com.tcn.uicommon.Rotatable.Builder direction(int) 0">
    <annotation name="android.support.annotation.IntDef">
      <val name="value" val="{com.tcn.uicommon.Rotatable.ROTATE_X, com.tcn.uicommon.Rotatable.ROTATE_Y, com.tcn.uicommon.Rotatable.ROTATE_BOTH}" />
    </annotation>
  </item>
</root>

